square.ferndocs.com,
docs.vellum.ai,
api-docs.codecombat.com,
docs.mercoa.com,
docs.joincandidhealth.com,
docs.credal.ai,
docs.propexo.com,
docs.privategpt.dev,
reference.flatfile.com,
docs.coactive.ai,
docs.pier-finance.com,
documentation.sayari.com,
docs.hellodata.ai,
docs.flagright.com,
fdr-ete-test.buildwithfern.com,
apidocs.polytomic.com,
docs.predictionguard.com,
dev.hume.ai,
developer.projectmanager.com,
docs.multion.ai,
docs.impiloplatform.com,
docs.usebridge.com,
fern.assemblyai.com,
dev.documentation.sayari.com,
developers.upwardli.com,
api.qdrant.tech,
help.getzep.com,
docs.mavenagi.com,
developers.beehiiv.com,
docs.anterior.com,
fern.ssoready.com,
docs.reka.ai,
api.labelstud.io,
docs.kota.io,
docs.getkard.com,
docs.rightbrain.ai,
docs.boundaryml.com,
www.plantstore.dev,
plantstore.dev,
docs.schematichq.com,
secure.docs.propexo.com,
developers.awork.com,
docs.givechariot.com,
docs.cable.tech,
docs.cohere.com,
developers.gappify.com,
docs.airtop.ai,
docs.conductorquantum.com,
docs.argolabs.ai,
docs.trykeet.com,
developer.ideogram.ai,
docs.monite.com,
api.navipartner.com,
docs-next.scoutos.com,
docs.edp.codeclimate.com,
docs.brightmove.com,
docs.vapi.ai,
docs.athenaintel.com,
developer.nibtravelinsurance.com,
docs.dataglade.com,
docs.ntropy.com,
docs.termina.ai,
handbook.codeclimate.com,
docs.payos.money,
docs.edp.dev,
docs.qlty.sh,
documentation.babelstreet.com,
docs.paradex.trade,
docs.axiomatic-ai.com,
docs.stage.paradigm.co,
docs.paradigm.co,
docs.scrapybara.com,
docs.amniscient.com,
docs.eyelevel.ai,
developers.duve.com,
docs.data.aviato.co,
developer.yocobeta.co.za,
docs.getanalog.ai,
docs.openledger.com,
docs.upshift.dev,
tc.docs.syndicate.io,
developers.chainalysis.com,
legal.fanvue.com,
docs.reasoner.com,
docs.airweave.ai,
developers.deepgram.com,
developers.deepgram.com,
docs.jambonz.org,
docs.agentmail.to,
docs.taxcloud.com,
docs.coperniq.io,
www.katiedanny.com,
katiedanny.com,
docs.twelvelabs.io,
tooltip-test.ferndocs.app,
docs.sws.speechify.com,
docs.koywe.com,
docs.flockx.io,
docs.agent-dev.boosted.ai,
docs.alfa.boosted.ai,
docs.runpayments.io,
docs.distillabs.ai,
docs.refer.health.gov.sg,
docs.finic.ai,
docs.smobi.com,
beta-docs.payabli.com,
docs.asi1.ai,
docs.sync.so,
docs.payabli.com,
docs.sarvam.ai,
docs.extend.ai,
auth-developers.chainalysis.com,
developer.artlist.io,
docs.pinnacle.sh,
docs.ontologize.com,
developer.fortresstech.io,
docs.ada.cx,
fern-docs.skyflow.dev,
docs.paid.ai,
docs.avacloud.io,
docs.latitude.xyz,
docs.ferry.health,
docs.withpersona.com,
developer.docs.spscommerce.com,
docs.yunojuno.com,
docs.chrt.com,
docs.redpincompany.com,
docs.gopromptless.ai,
beta.docs.twelvelabs.io,
akamai.ferndocs.com,
plant.usefern.com,
planting.usefern.com,
docs.skyflow.com,
docs.skyflow.dev,
docs.skyflow.tech,
docs.skyflow-preview.com,
docs.api.abelpolice.com,
plant1234.usefern.com,
plantplant.usefern.com,
plantplantplant.usefern.com,
plant0.usefern.com,
developer.yoco.com,
docs.aiola.ai,
docs.fathomx.dev,
integration.api.docs.spscommerce.com,
api.docs.spscommerce.com,
developer.staging.frame.io,
docs.phonic.co,
docs.markup.ai,
docs.cloud.browser-use.com,
docs.agentverse.ai,
developers-beta.clearpay.co.uk,
docs.caesar.xyz,
docs.auth.it,
wiki.eleven.dev,
docs.humansecurity.com,
docs.ottimate.com,
client-docs.ontologize.com,
portal-docs.ontologize.com,
docs.id.me,
developers.clearpay.co.uk,
notion.ferndocs.com,
unleash.ferndocs.com,
squarespace.ferndocs.com,
docs.prolific.com,
docs.thenvoi.com,
docs-staging.thenvoi.com,
docs-dev.thenvoi.com,
docs.outtake.ai,
developers.cash.app,
developers.afterpay.com,
docs.agora.finance,
docs.ltx.video,
docs-dev.ltx.video,
docs.mindreasoner.com,
nvidia-nemo.ferndocs.com,
sahil.ferndocs.com,
twilio.ferndocs.com,
clickhouse.ferndocs.com,
docs.method.security,
contentful.ferndocs.com,
lichess.ferndocs.com,
typeform.ferndocs.com,
postman.ferndocs.com,
bill.ferndocs.com,
docs.eon.io,
prove.ferndocs.com,
ru.localization-demo.ferndocs.com,
en.localization-demo.ferndocs.com,
ja.localization-demo.ferndocs.com,
prolific.ferndocs.com,
truemed.ferndocs.com,
next.developer.frame.io,
docs.runcaptain.com,
docs.nominal.io,
docs.euw2.nominal.io,
docs.workflows.com,
vercel-demo.ferndocs.app,
checkr.ferndocs.com,
proto.ferndocs.app,
docs.resemble.ai,
fr.nvidia-localization.ferndocs.com,
es.nvidia-localization.ferndocs.com,
en.nvidia-localization.ferndocs.com,
docs.you.com,
docs-staging.coinflow.cash,
docs.coinflow.cash,
docs.trebellar.app,
beta-docs.prolific.com,
docs.pensar.dev,
twilio-core.ferndocs.com,
docs.modernfi.com,
docs.conduit.xyz,
docs.conduit-stg.xyz,
beta-docs.erebor.so,
nv-test.ferndocs.com,
partner.ninjatrader.com,
docs.colton.io,
es.megaport.ferndocs.com,
en.megaport.ferndocs.com,
www.barksprings.info,
barksprings.info,
hellosign.ferndocs.com,
developer.hellosign.com,
developers.brevo.com,
docs.runetech.co,
docs.emnify.com,
sap.ferndocs.com,
docs.ddn.com,
developers.truemed.com,
developers.invofox.com,
docs.caesar.org,
venus.ferndocs.com,
docs.deel.wtf,
docs-new.merge.dev,warm
docs.sofer.ai,
docs.tropicalia.dev,
heavyai.ferndocs.com,
firefly.ferndocs.com,
docs.middesk.com,
docs.paymentkit.com,
docs.paymentkit.com,
developer.deel.com,
docs.runautomat.com,
truelayer.ferndocs.com,
docs.neura-ai.app,
elevenlabs.io/docs,
openrouter.ai/docs,
docs.ada.cx/generative/home,
buildwithfern.com/learn,
docs.nvidia.com/heavyai,
docs.nvidia.com/brev,
docs.nvidia.com/dynamo,
signalwire.com/docs,
ocient.ferndocs.com,
manulife-ai.ferndocs.com,
docusign.ferndocs.com,
calendly.ferndocs.com,
built.ferndocs.com
